<?xml version="1.0" encoding="utf-8"?>
<!--Created using XmlSitemapGenerator.org - Free HTML, RSS and XML sitemap generator-->
<rss version="2.0">
  <channel>
    <title>Uma clínica de Fisioterapia completa para você!</title>
    <link>http://raquelmanfroi.com.br</link>
    <description />
    <item>
      <guid>http://raquelmanfroi.com.br</guid>
      <title>Uma clínica de Fisioterapia completa para você!</title>
      <link>http://raquelmanfroi.com.br</link>
      <description>Integramos todas as especialidades da Fisioterapia em um único ambiente, com uma equipe preparada para atender pessoas de todas as idades, preparada para atender você!</description>
      <pubDate>Tue, 22 Dec 2020 08:37:00 Z</pubDate>
    </item>
    <item>
      <guid>http://raquelmanfroi.com.br/index.php</guid>
      <title>Uma clínica de Fisioterapia completa para você!</title>
      <link>http://raquelmanfroi.com.br/index.php</link>
      <description>Integramos todas as especialidades da Fisioterapia em um único ambiente, com uma equipe preparada para atender pessoas de todas as idades, preparada para atender você!</description>
      <pubDate>Tue, 22 Dec 2020 08:37:00 Z</pubDate>
    </item>
    <item>
      <guid>http://raquelmanfroi.com.br/indexfisio.php</guid>
      <title>Pagamentos em até 10x no cartão ou boleto!</title>
      <link>http://raquelmanfroi.com.br/indexfisio.php</link>
      <description>Integramos todas as especialidades da Fisioterapia em um único ambiente, com uma equipe preparada para atender pessoas de todas as idades, preparada para atender você!</description>
      <pubDate>Tue, 22 Dec 2020 08:37:00 Z</pubDate>
    </item>
    <item>
      <guid>http://raquelmanfroi.com.br/indexfono.php</guid>
      <title>Pagamentos em até 10x no cartão ou boleto!</title>
      <link>http://raquelmanfroi.com.br/indexfono.php</link>
      <description>Integramos todas as especialidades da Fisioterapia em um único ambiente, com uma equipe preparada para atender pessoas de todas as idades, preparada para atender você!</description>
      <pubDate>Tue, 22 Dec 2020 08:37:00 Z</pubDate>
    </item>
    <item>
      <guid>http://raquelmanfroi.com.br/indexacup.php</guid>
      <title>Pagamentos em até 10x no cartão ou boleto!</title>
      <link>http://raquelmanfroi.com.br/indexacup.php</link>
      <description>Integramos todas as especialidades da Fisioterapia em um único ambiente, com uma equipe preparada para atender pessoas de todas as idades, preparada para atender você!</description>
      <pubDate>Tue, 22 Dec 2020 08:37:00 Z</pubDate>
    </item>
    <item>
      <guid>http://raquelmanfroi.com.br/indexhidroginastica.php</guid>
      <title>Pagamentos em até 10x no cartão ou boleto!</title>
      <link>http://raquelmanfroi.com.br/indexhidroginastica.php</link>
      <description>Integramos todas as especialidades da Fisioterapia em um único ambiente, com uma equipe preparada para atender pessoas de todas as idades, preparada para atender você!</description>
      <pubDate>Tue, 22 Dec 2020 08:37:00 Z</pubDate>
    </item>
    <item>
      <guid>http://raquelmanfroi.com.br/indexpsico.php</guid>
      <title>Pagamentos em até 10x no cartão ou boleto!</title>
      <link>http://raquelmanfroi.com.br/indexpsico.php</link>
      <description>Integramos todas as especialidades da Fisioterapia em um único ambiente, com uma equipe preparada para atender pessoas de todas as idades, preparada para atender você!</description>
      <pubDate>Tue, 22 Dec 2020 08:37:00 Z</pubDate>
    </item>
    <item>
      <guid>http://raquelmanfroi.com.br/indexmicro.php</guid>
      <title>Pagamentos em até 10x no cartão ou boleto!</title>
      <link>http://raquelmanfroi.com.br/indexmicro.php</link>
      <description>Integramos todas as especialidades da Fisioterapia em um único ambiente, com uma equipe preparada para atender pessoas de todas as idades, preparada para atender você!</description>
      <pubDate>Tue, 22 Dec 2020 08:37:00 Z</pubDate>
    </item>
    <item>
      <guid>http://raquelmanfroi.com.br/convenio.php</guid>
      <title>Convênios</title>
      <link>http://raquelmanfroi.com.br/convenio.php</link>
      <description>Integramos todas as especialidades da Fisioterapia em um único ambiente, com uma equipe preparada para atender pessoas de todas as idades, preparada para atender você!</description>
      <pubDate>Tue, 22 Dec 2020 08:37:00 Z</pubDate>
    </item>
    <item>
      <guid>http://raquelmanfroi.com.br/indexhidro.php</guid>
      <title>Pagamentos em até 10x no cartão ou boleto!</title>
      <link>http://raquelmanfroi.com.br/indexhidro.php</link>
      <description>Integramos todas as especialidades da Fisioterapia em um único ambiente, com uma equipe preparada para atender pessoas de todas as idades, preparada para atender você!</description>
      <pubDate>Tue, 22 Dec 2020 08:37:00 Z</pubDate>
    </item>
    <item>
      <guid>http://raquelmanfroi.com.br/indexnata.php</guid>
      <title>Pagamentos em até 10x no cartão ou boleto!</title>
      <link>http://raquelmanfroi.com.br/indexnata.php</link>
      <description>Integramos todas as especialidades da Fisioterapia em um único ambiente, com uma equipe preparada para atender pessoas de todas as idades, preparada para atender você!</description>
      <pubDate>Tue, 22 Dec 2020 08:37:00 Z</pubDate>
    </item>
    <item>
      <guid>http://raquelmanfroi.com.br/indexosteo.php</guid>
      <title>Pagamentos em até 10x no cartão ou boleto!</title>
      <link>http://raquelmanfroi.com.br/indexosteo.php</link>
      <description>Integramos todas as especialidades da Fisioterapia em um único ambiente, com uma equipe preparada para atender pessoas de todas as idades, preparada para atender você!</description>
      <pubDate>Tue, 22 Dec 2020 08:37:00 Z</pubDate>
    </item>
    <item>
      <guid>http://raquelmanfroi.com.br/indexnutri.php</guid>
      <title>Pagamentos em até 10x no cartão ou boleto!</title>
      <link>http://raquelmanfroi.com.br/indexnutri.php</link>
      <description>Integramos todas as especialidades da Fisioterapia em um único ambiente, com uma equipe preparada para atender pessoas de todas as idades, preparada para atender você!</description>
      <pubDate>Tue, 22 Dec 2020 08:37:00 Z</pubDate>
    </item>
    <item>
      <guid>http://raquelmanfroi.com.br/indexpila.php</guid>
      <title>Pagamentos em até 10x no cartão ou boleto!</title>
      <link>http://raquelmanfroi.com.br/indexpila.php</link>
      <description>Integramos todas as especialidades da Fisioterapia em um único ambiente, com uma equipe preparada para atender pessoas de todas as idades, preparada para atender você!</description>
      <pubDate>Tue, 22 Dec 2020 08:37:00 Z</pubDate>
    </item>
    <item>
      <guid>http://raquelmanfroi.com.br/indexterapia.php</guid>
      <title>Pagamentos em até 10x no cartão ou boleto!</title>
      <link>http://raquelmanfroi.com.br/indexterapia.php</link>
      <description>Integramos todas as especialidades da Fisioterapia em um único ambiente, com uma equipe preparada para atender pessoas de todas as idades, preparada para atender você!</description>
      <pubDate>Tue, 22 Dec 2020 08:37:00 Z</pubDate>
    </item>
    <item>
      <guid>http://raquelmanfroi.com.br/indexderm.php</guid>
      <title>Pagamentos em até 10x no cartão ou boleto!</title>
      <link>http://raquelmanfroi.com.br/indexderm.php</link>
      <description>Integramos todas as especialidades da Fisioterapia em um único ambiente, com uma equipe preparada para atender pessoas de todas as idades, preparada para atender você!</description>
      <pubDate>Tue, 22 Dec 2020 08:37:00 Z</pubDate>
    </item>
    <item>
      <guid>http://raquelmanfroi.com.br/indexrpg.php</guid>
      <title>Pagamentos em até 10x no cartão ou boleto!</title>
      <link>http://raquelmanfroi.com.br/indexrpg.php</link>
      <description>Integramos todas as especialidades da Fisioterapia em um único ambiente, com uma equipe preparada para atender pessoas de todas as idades, preparada para atender você!</description>
      <pubDate>Tue, 22 Dec 2020 08:37:00 Z</pubDate>
    </item>
    <item>
      <guid>http://raquelmanfroi.com.br/index-sobre.php</guid>
      <title>
                Clínica Raquel Manfroi
            </title>
      <link>http://raquelmanfroi.com.br/index-sobre.php</link>
      <description>Integramos todas as especialidades da Fisioterapia em um único ambiente, com uma equipe preparada para atender pessoas de todas as idades, preparada para atender você!</description>
      <pubDate>Tue, 22 Dec 2020 08:37:00 Z</pubDate>
    </item>
  </channel>
</rss>
<!--<guid value="0148af12-e7e7-4fcf-849b-5bd92eb749d6" />-->
<!--Created using XmlSitemapGenerator.org - Free HTML, RSS and XML sitemap generator-->